﻿<?xml version="1.0" encoding="UTF-8" standalone="yes"?>
<addon id="repository.davidev" name="DaviDEV repository" version="0.0.3" provider-name="DaviDEV">
	<extension point="xbmc.addon.repository" name="Repositorio do Addion">
		<info compressed="false">http://raw.github.com/DaviGamesCraft/DaviDEV-Repo-KODI/master/addons.xml</info>
		<checksum>http://raw.github.com/DaviGamesCraft/DaviDEV-Repo-KODI/master/addons.xml.md5</checksum>
		<datadir zip="true">http://raw.github.com/DaviGamesCraft/DaviDEV-Repo-KODI/master/repo/</datadir>
	</extension>
	<extension point="xbmc.addon.metadata">
		<summary>DaviDEV Repo</summary>
		<description>Repositorio do DaviDEV</description>
		<disclaimer></disclaimer>
		<platform>all</platform>
	</extension>
</addon>
