<?xml version="1.0" encoding="UTF-8" standalone="yes"?>
<addon id="plugin.video.davidev" name="DaviDEV Addon" version="1.0" provider-name="DaviDEV">
  <requires>
    <import addon="xbmc.python" version="2.1.0"/>
    <import addon="script.module.beautifulsoup4" version="4.3.2"/>
    <import addon="script.common.plugin.cache" version="2.5.5"/>
    <import addon="plugin.video.gdrive"/>
  </requires>
  <extension point="xbmc.python.pluginsource" library="addon.py">
    <provides>video</provides>
  </extension>
  <extension point="xbmc.addon.metadata">
    <language>pt-BR</language>
    <platform>all</platform>
    <summary lang="pt-BR">Addon do DaviDEV</summary>
    <description lang="pt-BR">Addon do DaviDEV</description>
    <platform>all</platform>
  </extension>
</addon>
