﻿<?xml version="1.0" encoding="UTF-8" standalone="yes"?>
<addon id="repository.davidev" name="DaviDEV repository" version="1.0" provider-name="DaviDEV">
	<extension point="xbmc.addon.repository" name="Repositorio do Addon">
		<info compressed="false">http://raw.github.com/DaviGamesCraft/DaviDEV-Repo-KODI/master/addons.xml</info>
		<checksum>http://raw.github.com/DaviGamesCraft/DaviDEV-Repo-KODI/master/addons.xml.md5</checksum>
		<datadir zip="false">http://raw.github.com/DaviGamesCraft/DaviDEV-Repo-KODI/master/repo/</datadir>
	</extension>
	<extension point="xbmc.addon.metadata">
		<summary>Repositorio com addons para canais de TV etc.</summary>
		<description>Repositorio com addons criado por DaviDEV, e outros que o propio DaviDEV coloca.</description>
		<disclaimer></disclaimer>
		<platform>all</platform>
	</extension>
</addon>
